|Nombre                  |Email                    |Telefono             |Empresa               
------------------------------------------------------------------------------------------------
|Taylor Glover           |Taylor.Glover@gmail.com  |463-170-9623 x156    |Cargill               
|Billy Burnett           |Billy.Burnett@gmail.com  |493-170-9623 x156    |Kock Industries       
|Emilie Kaiser           |Emilie.Kaiser@gmail.com  |493-170-9623 x156    |Dell                  
|Eli Patrick             |Eli.Patrick@gmail.com    |497-170-9623 x156    |Bechtel               
|Lina Glenn              |Lina.Glenn@gmail.com     |493-177-9623 x156    |Mars                  
|Renee Salazar           |Renee.Salazar@gmail.com  |443-170-9623 x156    |PricewaterhouseCoopers
|Gina Mohammed           |Gina.Mohammed@gmail.com  |494-170-9623 x156    |Pilot Flying          
|Vivian Redmond          |Vivian.Redmond@gmail.com |493-140-9623 x156    |Public Super Markets  
|Robin Plummer           |Robin.Plummer@gmail.com  |493-170-9423 x156    |Love's Travel Stops   
|Charley Glass           |Charley.Glass@gmail.com  |493-170-9643 x156    |Ernst Young           
|Kadie Ramsey            |Kadie.Ramsey@gmail.com   |493-150-9653 x156    |Reyes Holdings        
|Hannah Thornton         |Hannah.Thornton@gmail.com|449-170-9623 x156    |Wholesale Grocers     
|Pearl Ball              |Pearl.Ball@gmail.com     |490-170-9623 x156    |US Foods              
|Sanaa Lucas             |Sanaa.Lucas@gmail.com    |403-170-9623 x156    |HE Butt Grocery       
|Jada Benson             |Jada.Benson@gmail.com    |193-170-9623 x156    |Enteprise Holdings    
|Sheila Oakley           |Sheila.Oakley@gmail.com  |413-170-9623 x156    |TransMontaigne        
|Reagan Hall             |Reagan.Hall@gmail.com    |491-170-9623 x156    |Cox Enterprise        
|Nyah Cox                |Nyah.Cox@gmail.com       |393-170-9623 x156    |Cumberland Farms      
|Iqra Nava               |Iqra.Nava@gmail.com      |433-170-9623 x156    |Meijer                
|Kofi Dupont             |Kofi.Dupont@gmail.com    |493-133-9623 x156    |Aramark               
|Leanne Graham           |Sincere@april.biz        |1-770-736-8031 x56442|Romaguera-Crona       
|Ervin Howell            |Shanna@melissa.tv        |010-692-6593 x09125  |Deckow-Crist          
|Clementine Bauch        |Nathan@yesenia.net       |1-463-123-4447       |Romaguera-Jacobson    
|Patricia Lebsack        |Julianne.OConner@kory.org|493-170-9623 x156    |Robel-Corkery         
|Chelsey Dietrich        |Lucio_Hettinger@annie.ca |(254)954-1289        |Keebler LLC           
|Mrs. Dennis Schulist    |Karley_Dach@jasper.info  |1-477-935-8478 x6430 |Considine-Lockman     
|Kurtis Weissnat         |Telly.Hoeger@billy.biz   |210.067.6132         |Johns Group           
|Nicholas Runolfsdottir V|Sherwood@rosamond.me     |586.493.6943 x140    |Abernathy Group       
|Glenna Reichert         |Chaim_McDermott@dana.io  |(775)976-6794 x41206 |Yost and Sons         
|Clementina DuBuque      |Rey.Padberg@karina.biz   |024-648-3804         |Hoeger LLC            
